x,z
0.0,-0.1719476559051819
5.002501250625313,-0.15940507919383182
10.005002501250626,-0.14686250248248175
15.007503751875939,-0.13431992577113167
20.010005002501252,-0.12177734905978159
25.012506253126567,-0.1092347723484315
30.015007503751878,-0.09669219563708144
35.01750875437719,-0.08414961892573136
40.020010005002504,-0.07160704221438127
45.02251125562782,-0.0590644655030312
50.025012506253134,-0.04652188879168109
55.02751375687844,-0.050260188326103204
60.030015007503756,-0.05476968726164081
65.03251625812906,-0.05927918619717841
70.03501750875438,-0.06378868513271602
75.0375187593797,-0.06829818406825362
80.04002001000501,-0.07280768300379123
85.04252126063032,-0.07731718193932884
90.04502251125564,-0.08182668087486644
95.04752376188095,-0.08633617981040405
100.05002501250627,-0.09084567874594165
105.05252626313157,-0.06489705892376309
110.05502751375688,-0.03591945491573427
115.0575287643822,-0.006941850907705452
120.06003001500751,0.022035753100323366
125.06253126563283,0.05101335710835217
130.06503251625813,0.0799909611163809
135.06753376688346,0.1089685651244098
140.07003501750876,0.13794616913243854
145.0725362681341,0.16692377314046747
150.0750375187594,0.1959013771484962
155.07753876938472,0.20158563333458954
160.08004002001002,0.20361337561840243
165.08254127063532,0.2056411179022153
170.08504252126065,0.20766886018602818
175.08754377188595,0.20969660246984106
180.09004502251128,0.21172434475365395
185.09254627313658,0.21375208703746681
190.0950475237619,0.2157798293212797
195.0975487743872,0.2178075716050926
200.10005002501254,0.21983531388890548
205.10255127563784,0.20174973223418108
210.10505252626314,0.17922194406542397
215.10755377688847,0.15669415589666677
220.11005502751377,0.13416636772790969
225.1125562781391,0.11163857955915246
230.1150575287644,0.08911079139039538
235.11755877938973,0.06658300322163815
240.12006003001503,0.04405521505288107
245.12256128064033,0.021527426884123985
250.12506253126566,-0.001000361284633211
255.12756378189096,0.010131154408415034
260.13006503251626,0.031098180970172737
265.1325662831416,0.052065207531930675
270.1350675337669,0.07303223409368838
275.1375687843922,0.09399926065544607
280.1400700350175,0.11496628721720377
285.1425712856428,0.13593331377896148
290.1450725362682,0.15690034034071942
295.1475737868935,0.17786736690247712
300.1500750375188,0.19883439346423482
305.1525762881441,0.20109643073598968
310.15507753876943,0.1963924719962953
315.15757878939473,0.191688513256601
320.16008004002003,0.18698455451690668
325.16258129064533,0.18228059577721237
330.16508254127064,0.17757663703751805
335.167583791896,0.17287267829782368
340.1700850425213,0.16816871955812937
345.1725862931466,0.16346476081843506
350.1750875437719,0.15876080207874074
355.17758879439725,0.15007317991534128
360.18009004502255,0.1395401842541962
365.18259129564785,0.12900718859305113
370.18509254627315,0.11847419293190607
375.18759379689845,0.107941197270761
380.1900950475238,0.09740820160961582
385.1925962981491,0.08687520594847074
390.1950975487744,0.07634221028732567
395.1975987993997,0.06580921462618061
400.20010005002507,0.055276218965035415
405.2026013006504,0.038676591347277675
410.2051025512757,0.01863761332892072
415.207603801901,-0.0014013646894362325
420.2101050525263,-0.021440342707793186
425.21260630315163,-0.04147932072615036
430.21510755377693,-0.06151829874450733
435.21760880440223,-0.08155727676286428
440.22011005502753,-0.10159625478122122
445.22261130565283,-0.12163523279957819
450.2251125562782,-0.14167421081793538
455.2276138069035,-0.14248951499798207
460.2301150575288,-0.13010890747545995
465.2326163081541,-0.11772829995293779
470.23511755877945,-0.10534769243041553
475.23761880940475,-0.09296708490789339
480.24012006003005,-0.08058647738537127
485.24262131065535,-0.06820586986284913
490.24512256128065,-0.055825262340327
495.247623811906,-0.043444654817804726
500.2501250625313,-0.031064047295282587
505.2526263131566,-0.032619516663258095
510.2551275637819,-0.045681838509626274
515.2576288144072,-0.058744160355994446
520.2601300650325,-0.07180648220236263
525.2626313156578,-0.0848688040487308
530.2651325662832,-0.09793112589509927
535.2676338169085,-0.11099344774146745
540.2701350675338,-0.12405576958783562
545.2726363181591,-0.1371180914342038
550.2751375687844,-0.15018041328057197
555.2776388194097,-0.14599596234866571
560.280140070035,-0.12473720636626802
565.2826413206603,-0.10347845038387032
570.2851425712856,-0.08221969440147261
575.287643821911,-0.060960938419074434
580.2901450725363,-0.039702182436676725
585.2926463231616,-0.018443426454279016
590.295147573787,0.002815329528118693
595.2976488244122,0.024074085510516374
600.3001500750375,0.04533284149291408
605.3026513256629,0.06510448401166805
610.3051525762882,0.08311120066148225
615.3076538269135,0.10111791731129646
620.3101550775389,0.11912463396111109
625.3126563281642,0.1371313506109253
630.3151575787895,0.15513806726073948
635.3176588294148,0.1731447839105537
640.3201600800401,0.19115150056036792
645.3226613306654,0.20915821721018213
650.3251625812907,0.22716493385999634
655.327663831916,0.22657306085222106
660.3301650825413,0.19944417577203088
665.3326663331667,0.1723152906918401
670.335167583792,0.14518640561164992
675.3376688344173,0.11805752053145971
680.3401700850426,0.09092863545126953
685.3426713356679,0.06379975037107935
690.3451725862932,0.03667086529088917
695.3476738369185,0.009541980210698964
700.3501750875438,-0.017586904869491216
705.3526763381691,-0.029840691452191807
710.3551775887945,-0.016419650491279986
715.3576788394198,-0.0029986095303684707
720.3601800900451,0.010422431430543042
725.3626813406704,0.02384347239145456
730.3651825912957,0.03726451335236608
735.367683841921,0.05068555431327759
740.3701850925463,0.0641065952741891
745.3726863431716,0.07752763623510062
750.3751875937969,0.09094867719601213
755.3776888444223,0.09942211828523405
760.3801900950476,0.09745921589511004
765.3826913456729,0.09549631350498605
770.3851925962982,0.09353341111486205
775.3876938469235,0.09157050872473806
780.3901950975488,0.08960760633461405
785.3926963481741,0.08764470394449006
790.3951975987994,0.08568180155436605
795.3976988494247,0.08371889916424206
800.4002001000501,0.08175599677411802
805.4027013506754,0.0757952607420971
810.4052026013007,0.05936746935674671
815.407703851926,0.04293967797139633
820.4102051025513,0.026511886586045946
825.4127063531766,0.010084095200695559
830.415207603802,-0.006343696184654815
835.4177088544272,-0.022771487570005203
840.4202101050525,-0.03919927895535559
845.4227113556778,-0.055627070340705964
850.4252126063033,-0.07205486172605671
855.4277138569286,-0.07748565809711996
860.4302151075539,-0.04633949279023228
865.4327163581792,-0.01519332748334458
870.4352176088045,0.01595283782354312
875.4377188594298,0.047099003130430805
880.4402201100551,0.07824516843731849
885.4427213606804,0.1093913337442062
890.4452226113057,0.1405374990510939
895.4477238619311,0.17168366435798227
900.4502251125564,0.20282982966487
905.4527263631817,0.22041370445890524
910.455227613807,0.17861673971018233
915.4577288644323,0.13681977496145942
920.4602301150576,0.09502281021273654
925.4627313656829,0.053225845464013655
930.4652326163082,0.011428880715290746
935.4677338669335,-0.030368084033432163
940.4702351175589,-0.07216504878215596
945.4727363681842,-0.11396201353087887
950.4752376188095,-0.15575897827960178
955.4777388694348,-0.18974236394586763
960.4802401200601,-0.17600710592998908
965.4827413706854,-0.16227184791411053
970.4852426213107,-0.14853658989823199
975.487743871936,-0.13480133188235346
980.4902451225613,-0.12106607386647492
985.4927463731867,-0.10733081585059608
990.495247623812,-0.09359555783471753
995.4977488744373,-0.07986029981883899
1000.5002501250626,-0.06612504180296044
1005.5027513756879,-0.053804223968108425
1010.5052526263132,-0.054883365742982256
1015.5077538769385,-0.055962507517856086
1020.5102551275638,-0.05704164929272991
1025.5127563781891,-0.05812079106760374
1030.5152576288144,-0.05919993284247757
1035.5177588794397,-0.060279074617351394
1040.520260130065,-0.061358216392225225
1045.5227613806903,-0.062437358167099055
1050.5252626313156,-0.06351649994197288
1055.5277638819412,-0.06470930652685421
1060.5302651325665,-0.06805037802087505
1065.5327663831918,-0.0713914495148959
1070.535267633817,-0.07473252100891674
1075.5377688844424,-0.07807359250293759
1080.5402701350677,-0.08141466399695843
1085.542771385693,-0.08475573549097928
1090.5452726363183,-0.08809680698500014
1095.5477738869436,-0.09143787847902098
1100.5502751375689,-0.09477894997304183
1105.5527763881942,-0.09812778273967748
1110.5552776388195,-0.10301334748404326
1115.5577788894448,-0.10789891222840903
1120.56028014007,-0.1127844769727748
1125.5627813906954,-0.11767004171714057
1130.5652826413207,-0.12255560646150634
1135.567783891946,-0.12744117120587212
1140.5702851425713,-0.1323267359502379
1145.5727863931968,-0.13721230069460388
1150.575287643822,-0.14209786543896966
1155.5777888944474,-0.14698343018333543
1160.5802901450727,-0.13574867554744002
1165.582791395698,-0.12383872428828824
1170.5852926463233,-0.11192877302913645
1175.5877938969486,-0.10001882176998467
1180.590295147574,-0.08810887051083288
1185.5927963981992,-0.0761989192516811
1190.5952976488245,-0.06428896799252931
1195.5977988994498,-0.05237901673337751
1200.600300150075,-0.04046906547422573
1205.6028014007004,-0.02855911421507394
1210.6053026513257,-0.02938146560556415
1215.607803901951,-0.03139309801277884
1220.6103051525763,-0.033404730419993534
1225.6128064032016,-0.035416362827208225
1230.615307653827,-0.03742799523442292
1235.6178089044524,-0.03943962764163769
1240.6203101550777,-0.041451260048852384
1245.622811405703,-0.043462892456067076
1250.6253126563283,-0.04547452486328177
1255.6278139069536,-0.04748615727049646
1260.630315157579,-0.04262172697629174
1265.6328164082042,-0.036723899975515346
1270.6353176588295,-0.030826072974738952
1275.6378189094548,-0.024928245973962558
1280.6403201600801,-0.019030418973186167
1285.6428214107054,-0.013132591972409777
1290.6453226613307,-0.0072347649716333826
1295.647823911956,-0.0013369379708569884
1300.6503251625813,0.004560889029919406
1305.6528264132066,0.0104587160306958
1310.655327663832,0.029213804566396693
1315.6578289144572,0.05071282086869757
1320.6603301650825,0.07221183717099844
1325.6628314157078,0.09371085347329933
1330.6653326663334,0.11520986977560117
1335.6678339169587,0.13670888607790205
1340.670335167584,0.15820790238020294
1345.6728364182093,0.1797069186825038
1350.6753376688346,0.20120593498480469
1355.6778389194599,0.22270495128710555
1360.6803401700852,0.20420505820167584
1365.6828414207105,0.1743506359997301
1370.6853426713358,0.1444962137977844
1375.687843921961,0.11464179159583869
1380.6903451725864,0.08478736939389298
1385.6928464232117,0.05493294719194727
1390.695347673837,0.025078524990001544
1395.6978489244623,-0.004775897211944158
1400.7003501750876,-0.03463031941388989
1405.7028514257129,-0.06448474161583556
1410.7053526763382,-0.05631511125856357
1415.7078539269635,-0.03434222894486321
1420.710355177589,-0.012369346631161855
1425.7128564282143,0.009603535682538508
1430.7153576788396,0.031576417996238865
1435.717858929465,0.053549300309939235
1440.7203601800902,0.07552218262363958
1445.7228614307155,0.09749506493733995
1450.7253626813408,0.11946794725104029
1455.727863931966,0.14144082956474066
1460.7303651825914,0.14105080692100097
1465.7328664332167,0.13054034553739935
1470.735367683842,0.12002988415379774
1475.7378689344673,0.10951942277019612
1480.7403701850926,0.0990089613865945
1485.742871435718,0.08849850000299288
1490.7453726863432,0.07798803861939126
1495.7478739369685,0.06747757723578963
1500.7503751875938,0.05696711585218801
1505.7528764382191,0.04645665446858639
1510.7553776888446,0.0418560988464675
1515.75787893947,0.04053369407642163
1520.7603801900952,0.039211289306375754
1525.7628814407205,0.03788888453632988
1530.7653826913458,0.03656647976628401
1535.7678839419711,0.035244074996238134
1540.7703851925964,0.03392167022619226
1545.7728864432218,0.03259926545614639
1550.775387693847,0.03127686068610051
1555.7778889444724,0.02995445591605464
1560.7803901950977,0.019066816625394882
1565.782891445723,0.0017487675729778267
1570.7853926963483,-0.015569281479439236
1575.7878939469736,-0.032887330531856294
1580.7903951975989,-0.050205379584273346
1585.7928964482242,-0.0675234286366904
1590.7953976988495,-0.08484147768910746
1595.7978989494748,-0.10215952674152454
1600.8004002001003,-0.11947757579394236
1605.8029014507256,-0.13679562484635943
1610.8054027013509,-0.1499231392226095
1615.8079039519762,-0.15966013008814298
1620.8104052026015,-0.16939712095367646
1625.8129064532268,-0.17913411181920993
1630.815407703852,-0.1888711026847434
1635.8179089544774,-0.1986080935502769
1640.8204102051027,-0.20834508441581037
1645.822911455728,-0.21808207528134385
1650.8254127063533,-0.22781906614687733
1655.8279139569786,-0.2375560570124108
1660.830415207604,-0.22882281103766963
1665.8329164582292,-0.20216794911890035
1670.8354177088545,-0.17551308720013106
1675.8379189594798,-0.14885822528136178
1680.840420210105,-0.12220336336259248
1685.8429214607304,-0.09554850144382318
1690.8454227113557,-0.0688936395250539
1695.8479239619812,-0.04223877760628339
1700.8504252126065,-0.015583915687514105
1705.8529264632318,0.011070946231255208
1710.8554277138571,0.016570259603652344
1715.8579289644824,-0.002535249789835891
1720.8604302151077,-0.02164075918332413
1725.862931465733,-0.040746268576812364
1730.8654327163583,-0.0598517779703006
1735.8679339669836,-0.07895728736378883
1740.870435217609,-0.09806279675727707
1745.8729364682342,-0.11716830615076532
1750.8754377188595,-0.13627381554425355
1755.8779389694848,-0.1553793249377418
1760.8804402201101,-0.16774815279167363
1765.8829414707354,-0.1707018594577909
1770.8854427213607,-0.17365556612390817
1775.887943971986,-0.17660927279002545
1780.8904452226113,-0.17956297945614272
1785.8929464732369,-0.18251668612226013
1790.8954477238622,-0.1854703927883774
1795.8979489744875,-0.18842409945449468
1800.9004502251128,-0.19137780612061192
1805.902951475738,-0.1943315127867292
1810.9054527263634,-0.1974604723110704
1815.9079539769887,-0.20088546706889793
1820.910455227614,-0.20431046182672546
1825.9129564782393,-0.207735456584553
1830.9154577288646,-0.21116045134238057
1835.9179589794899,-0.2145854461002081
1840.9204602301152,-0.21801044085803564
1845.9229614807405,-0.22143543561586318
1850.9254627313658,-0.22486043037369072
1855.927963981991,-0.22828542513151825
1860.9304652326164,-0.22761766278715387
1865.9329664832417,-0.21851252426288575
1870.935467733867,-0.20940738573861764
1875.9379689844925,-0.2003022472143491
1880.9404702351178,-0.191197108690081
1885.942971485743,-0.18209197016581286
1890.9454727363684,-0.17298683164154477
1895.9479739869937,-0.16388169311727663
1900.950475237619,-0.15477655459300851
1905.9529764882443,-0.1456714160687404
1910.9554777388696,-0.1353949851589068
1915.957978989495,-0.1221275754787902
1920.9604802401202,-0.10886016579867361
1925.9629814907455,-0.095592756118557
1930.9654827413708,-0.0823253464384404
1935.967983991996,-0.0690579367583238
1940.9704852426214,-0.05579052707820721
1945.9729864932467,-0.0425231173980906
1950.975487743872,-0.029255707717974005
1955.9779889944973,-0.01598829803785741
1960.9804902451226,-0.0068451629574345285
1965.982991495748,-0.011040107433467686
1970.9854927463734,-0.015235051909501035
1975.9879939969987,-0.019429996385534193
1980.990495247624,-0.02362494086156735
1985.9929964982493,-0.027819885337600506
1990.9954977488746,-0.03201482981363366
1995.9979989995,-0.03620977428966682
2001.0005002501252,-0.04040471876569998
2006.0030015007505,-0.04459966324173314
2011.0055027513758,-0.045445480805027305
2016.0080040020011,-0.03210157644855778
2021.0105052526264,-0.018757672092088264
2026.0130065032517,-0.005413767735618746
2031.015507753877,0.007930136620850778
2036.0180090045023,0.021274040977320302
2041.0205102551276,0.034617945333789826
2046.023011505753,0.04796184969025934
2051.0255127563782,0.06130575404672886
2056.0280140070035,0.07464965840319839
2061.030515257629,0.08172856793248004
2066.033016508254,0.05208164571618261
2071.0355177588795,0.022434723499885192
2076.0380190095048,-0.007212198716412238
2081.04052026013,-0.03685912093270967
2086.0430215107554,-0.0665060431490071
2091.0455227613807,-0.09615296536530452
2096.048024012006,-0.12579988758160193
2101.0505252626313,-0.15544680979789938
2106.053026513257,-0.18509373201419949
2111.0555277638823,-0.20984048592699628
2116.0580290145076,-0.190730733523485
2121.060530265133,-0.1716209811199737
2126.063031515758,-0.15251122871646244
2131.0655327663835,-0.13340147631295113
2136.068034017009,-0.11429172390943987
2141.070535267634,-0.09518197150592858
2146.0730365182594,-0.0760722191024173
2151.0755377688847,-0.056962466698906006
2156.07803901951,-0.03785271429539472
2161.0805402701353,-0.02024246644080956
2166.0830415207606,-0.0282601145133329
2171.085542771386,-0.03627776258585624
2176.088044022011,-0.04429541065837957
2181.0905452726365,-0.05231305873090291
2186.093046523262,-0.06033070680342625
2191.095547773887,-0.06834835487594959
2196.0980490245124,-0.07636600294847293
2201.1005502751377,-0.08438365102099626
2206.103051525763,-0.0924012990935196
2211.1055527763883,-0.1001899404561523
2216.1080540270136,-0.08542142089458894
2221.110555277639,-0.07065290133302558
2226.113056528264,-0.05588438177146222
2231.1155577788895,-0.04111586220989885
2236.118059029515,-0.026347342648335492
2241.12056028014,-0.01157882308677212
2246.1230615307654,0.00318969647479124
2251.1255627813907,0.0179582160363546
2256.128064032016,0.03272673559791797
2261.1305652826413,0.04749525515948133
2266.1330665332666,0.057241402961473675
2271.135567783892,0.06680444345973141
2276.1380690345172,0.07636748395798913
2281.1405702851425,0.08593052445624687
2286.143071535768,0.09549356495450459
2291.1455727863936,0.10505660545276319
2296.148074037019,0.11461964595102092
2301.150575287644,0.12418268644927866
2306.1530765382695,0.1337457269475364
2311.155577788895,0.14330876744579413
2316.15807903952,0.1468726620121637
2321.1605802901454,0.14991204108722117
2326.1630815407707,0.15295142016227867
2331.165582791396,0.15599079923733614
2336.1680840420213,0.15903017831239363
2341.1705852926466,0.1620695573874511
2346.173086543272,0.16510893646250857
2351.175587793897,0.16814831553756604
2356.1780890445225,0.17118769461262354
2361.180590295148,0.174227073687681
2366.183091545773,0.15397869233083208
2371.1855927963984,0.1303843683831923
2376.1880940470237,0.10679004443555254
2381.190595297649,0.08319572048791277
2386.1930965482743,0.05960139654027301
2391.1955977988996,0.03600707259263325
2396.198099049525,0.012412748644993477
2401.20060030015,-0.011181575302646296
2406.2031015507755,-0.03477589925028607
2411.205602801401,-0.05837022319792584
2416.208104052026,-0.0770389327361443
2421.2106053026514,-0.09469266718393687
2426.2131065532767,-0.11234640163172943
2431.215607803902,-0.130000136079522
2436.2181090545273,-0.14765387052731455
2441.2206103051526,-0.1653076049751071
2446.223111555778,-0.18296133942289966
2451.225612806403,-0.20061507387069225
2456.2281140570285,-0.2182688083184848
2461.230615307654,-0.23592254276627736
2466.233116558279,-0.23402126600565754
2471.235617808905,-0.22672982589912782
2476.23811905953,-0.21943838579259878
2481.2406203101555,-0.21214694568606973
2486.2431215607808,-0.2048555055795407
2491.245622811406,-0.19756406547301164
2496.2481240620314,-0.1902726253664826
2501.2506253126567,-0.18298118525995355
2506.253126563282,-0.1756897451534245
2511.2556278139073,-0.16839830504689546
2516.2581290645326,-0.1648351274803022
2521.260630315158,-0.16259079108429844
2526.263131565783,-0.1603464546882947
2531.2656328164085,-0.15810211829229093
2536.2681340670338,-0.15585778189628718
2541.270635317659,-0.15361344550028344
2546.2731365682844,-0.15136910910427967
2551.2756378189097,-0.14912477270827593
2556.278139069535,-0.14688043631227216
2561.2806403201603,-0.1446360999162684
2566.2831415707856,-0.13197040029571064
2571.285642821411,-0.11469815606140155
2576.288144072036,-0.09742591182709244
2581.2906453226615,-0.08015366759278333
2586.293146573287,-0.06288142335847423
2591.295647823912,-0.045609179124165136
2596.2981490745374,-0.02833693488985603
2601.3006503251627,-0.011064690655546938
2606.303151575788,0.006207553578762182
2611.3056528264133,0.023479797813071274
2616.3081540770386,0.012186015092052204
2621.310655327664,-0.014608712488448965
2626.313156578289,-0.04140344006895014
2631.3156578289145,-0.06819816764945132
2636.31815907954,-0.09499289522995248
2641.320660330165,-0.12178762281045366
2646.3231615807904,-0.14858235039095483
2651.3256628314157,-0.175377077971456
2656.3281640820414,-0.2021718055519596
2661.3306653326667,-0.2289665331324608
2666.333166583292,-0.23721154143490203
2671.3356678339173,-0.2332446512126253
2676.3381690845426,-0.22927776099034858
2681.340670335168,-0.22531087076807185
2686.3431715857932,-0.22134398054579513
2691.3456728364185,-0.21737709032351843
2696.348174087044,-0.2134102001012417
2701.350675337669,-0.20944330987896498
2706.3531765882944,-0.20547641965668828
2711.3556778389197,-0.20150952943441156
2716.358179089545,-0.20179434689268355
2721.3606803401703,-0.2054498875571559
2726.3631815907956,-0.20910542822162825
2731.365682841421,-0.21276096888610058
2736.3681840920462,-0.21641650955057293
2741.3706853426715,-0.22007205021504528
2746.373186593297,-0.22372759087951763
2751.375687843922,-0.22738313154398998
2756.3781890945475,-0.2310386722084623
2761.3806903451728,-0.23469421287293465
2766.383191595798,-0.22469562664318582
2771.3856928464234,-0.20171223346500944
2776.3881940970487,-0.17872884028683308
2781.390695347674,-0.15574544710865673
2786.3931965982993,-0.13276205393048035
2791.3956978489246,-0.10977866075230397
2796.39819909955,-0.08679526757412762
2801.400700350175,-0.06381187439595126
2806.4032016008005,-0.04082848121777488
2811.4057028514258,-0.017845088039598528
2816.408204102051,-0.00118553455542193
2821.4107053526764,0.008266201643120563
2826.4132066033017,0.01771793784166306
2831.415707853927,0.027169674040205552
2836.4182091045527,0.0366214102387489
2841.420710355178,0.04607314643729139
2846.4232116058033,0.05552488263583389
2851.4257128564286,0.06497661883437639
2856.428214107054,0.07442835503291888
2861.430715357679,0.08388009123146137
2866.4332166083045,0.0895056342703301
2871.43571785893,0.08989293667393183
2876.438219109555,0.09028023907753358
2881.4407203601804,0.0906675414811353
2886.4432216108057,0.09105484388473703
2891.445722861431,0.09144214628833876
2896.4482241120563,0.0918294486919405
2901.4507253626816,0.09221675109554223
2906.453226613307,0.09260405349914395
2911.455727863932,0.09299135590274568
2916.4582291145575,0.09833898390712094
2921.460730365183,0.11188768357143968
2926.463231615808,0.12543638323575843
2931.4657328664334,0.13898508290007716
2936.4682341170587,0.1525337825643959
2941.470735367684,0.16608248222871463
2946.4732366183093,0.17963118189303337
2951.4757378689346,0.1931798815573521
2956.47823911956,0.20672858122167084
2961.4807403701852,0.22027728088598958
2966.4832416208105,0.21912300826272227
2971.485742871436,0.18834001875689488
2976.488244122061,0.15755702925106746
2981.4907453726864,0.12677403974524004
2986.4932466233117,0.09599105023941265
2991.495747873937,0.06520806073358526
2996.4982491245623,0.03442507122775787
3001.5007503751876,0.0036420817219304513
3006.503251625813,-0.02714090778389694
3011.5057528764382,-0.05792389728972436
3016.5082541270635,-0.07508513759250869
3021.5107553776893,-0.05831149391577012
3026.5132566283146,-0.04153785023903307
3031.51575787894,-0.024764206562296026
3036.518259129565,-0.00799056288555898
3041.5207603801905,0.008783080791178066
3046.523261630816,0.025556724467915112
3051.525762881441,0.04233036814465217
3056.5282641320664,0.05910401182138922
3061.5307653826917,0.07587765549812625
3066.533266633317,0.08439804678316065
3071.5357678839423,0.06695508158597177
3076.5382691345676,0.04951211638878289
3081.540770385193,0.03206915119159401
3086.543271635818,0.014626185994405128
3091.5457728864435,-0.0028167792027837535
3096.548274137069,-0.020259744399972635
3101.550775387694,-0.037702709597161516
3106.5532766383194,-0.0551456747943504
3111.5557778889447,-0.07258863999153928
3116.55827913957,-0.08124634066125307
3121.5607803901953,-0.05386193044901641
3126.5632816408206,-0.026477520236779753
3131.565782891446,0.0009068899754569038
3136.568284142071,0.02829130018769356
3141.5707853926965,0.05567571039993022
3146.573286643322,0.08306012061216686
3151.575787893947,0.11044453082440353
3156.5782891445724,0.13782894103664017
3161.5807903951977,0.16521335124887682
3166.583291645823,0.18856438286941316
3171.5857928964483,0.189194048423375
3176.5882941470736,0.18982371397733683
3181.590795397699,0.19045337953129868
3186.593296648324,0.19108304508526053
3191.5957978989495,0.19171271063922238
3196.598299149575,0.19234237619318423
3201.6008004002006,0.1929720417471461
3206.603301650826,0.19360170730110796
3211.605802901451,0.1942313728550698
3216.6083041520765,0.19286317041813808
3221.6108054027018,0.17456065834411805
3226.613306653327,0.15625814627009801
3231.6158079039524,0.13795563419607798
3236.6183091545777,0.11965312212205793
3241.620810405203,0.10135061004803789
3246.6233116558283,0.08304809797401785
3251.6258129064536,0.06474558589999782
3256.628314157079,0.04644307382597779
3261.630815407704,0.028140561751957727
3266.6333166583295,0.01034447880536607
3271.635817908955,0.0004402497612009063
3276.63831915958,-0.009463979282964257
3281.6408204102054,-0.019368208327129422
3286.6433216608307,-0.029272437371294584
3291.645822911456,-0.03917666641545975
3296.6483241620813,-0.049080895459624914
3301.6508254127066,-0.05898512450379008
3306.653326663332,-0.06888935354795524
3311.655827913957,-0.07879358259212041
3316.6583291645825,-0.0887767556411395
3321.660830415208,-0.10391760367394089
3326.663331665833,-0.11905845170674229
3331.6658329164584,-0.1341992997395437
3336.6683341670837,-0.14934014777234508
3341.670835417709,-0.16448099580514647
3346.6733366683343,-0.17962184383794788
3351.6758379189596,-0.19476269187074927
3356.678339169585,-0.20990353990355065
3361.68084042021,-0.22504438793635206
3366.6833416708355,-0.24018523596915345
3371.685842921461,-0.21748680247104374
3376.688344172086,-0.19361201825176413
3381.6908454227114,-0.16973723403248453
3386.693346673337,-0.14586244981320276
3391.6958479239624,-0.12198766559392317
3396.6983491745877,-0.09811288137464358
3401.700850425213,-0.07423809715536397
3406.7033516758383,-0.05036331293608437
3411.7058529264636,-0.026488528716804766
3416.708354177089,-0.002613744497525161
3421.7108554277143,-0.010886868666785494
3426.7133566783396,-0.02178074623728252
3431.715857928965,-0.03267462380777955
3436.71835917959,-0.04356850137827657
3441.7208604302155,-0.0544623789487736
3446.7233616808408,-0.06535625651927063
3451.725862931466,-0.07625013408976766
3456.7283641820914,-0.08714401166026468
3461.7308654327167,-0.0980378892307617
3466.733366683342,-0.10893176680125874
3471.7358679339673,-0.1030669483897866
3476.7383691845926,-0.09490379452935904
3481.740870435218,-0.0867406406689315
3486.743371685843,-0.07857748680850396
3491.7458729364685,-0.07041433294807642
3496.7483741870938,-0.062251179087648864
3501.750875437719,-0.054088025227221316
3506.7533766883444,-0.04592487136679377
3511.7558779389697,-0.03776171750636623
3516.758379189595,-0.029598563645938672
3521.7608804402203,-0.032221763408987816
3526.7633816908456,-0.036989238289957704
3531.765882941471,-0.04175671317092759
3536.768384192096,-0.04652418805189748
3541.7708854427215,-0.05129166293286737
3546.7733866933468,-0.056059137813837256
3551.775887943972,-0.06082661269480715
3556.7783891945974,-0.06559408757577703
3561.7808904452227,-0.07036156245674693
3566.783391695848,-0.07512903733771681
3571.7858929464737,-0.08382276876875513
3576.788394197099,-0.0935668363469445
3581.7908954477243,-0.10331090392513387
3586.7933966983496,-0.11305497150332322
3591.795897948975,-0.12279903908151257
3596.7983991996,-0.13254310665970195
3601.8009004502255,-0.1422871742378913
3606.803401700851,-0.1520312418160807
3611.805902951476,-0.16177530939427004
3616.8084042021014,-0.1715193769724594
3621.8109054527267,-0.15502864927709853
3626.813406703352,-0.1294975529401771
3631.8159079539773,-0.10396645660325565
3636.8184092046026,-0.07843536026633423
3641.820910455228,-0.052904263929412804
3646.8234117058532,-0.027373167592491365
3651.8259129564785,-0.0018420712555699548
3656.828414207104,0.023689025081351484
3661.830915457729,0.04922012141827292
3666.8334167083544,0.07475121775519433
3671.8359179589797,0.08765892961757131
3676.838419209605,0.09511769854129712
3681.8409204602303,0.10257646746502294
3686.8434217108556,0.11003523638874875
3691.845922961481,0.11749400531247456
3696.8484242121062,0.12495277423620038
3701.8509254627315,0.1324115431599262
3706.853426713357,0.13987031208365203
3711.855927963982,0.14732908100737785
3716.8584292146074,0.15478784993110364
3721.8609304652327,0.13888233229989025
3726.863431715858,0.11057577026643889
3731.8659329664833,0.08226920823298753
3736.8684342171086,0.053962646199536154
3741.870935467734,0.02565608416608478
3746.8734367183592,-0.0026504778673665796
3751.875937968985,-0.03095703990082052
3756.8784392196103,-0.05926360193427188
3761.8809404702356,-0.08757016396772324
3766.883441720861,-0.1158767260011746
3771.885942971486,-0.10476480672693377
3776.8884442221115,-0.0682426267750082
3781.890945472737,-0.03172044682308264
3786.893446723362,0.004801733128842911
3791.8959479739874,0.04132391308076849
3796.8984492246127,0.07784609303269405
3801.900950475238,0.1143682729846196
3806.9034517258633,0.15089045293654518
3811.9059529764886,0.1874126328884707
3816.908454227114,0.2239348128403963
3821.910955477739,0.226736766592765
3826.9134567283645,0.20334533035083938
3831.91595797899,0.17995389410891377
3836.918459229615,0.15656245786698814
3841.9209604802404,0.13317102162506253
3846.9234617308657,0.10977958538313692
3851.925962981491,0.08638814914121129
3856.9284642321163,0.06299671289928568
3861.9309654827416,0.03960527665736005
3866.933466733367,0.016213840415434444
3871.935967983992,0.006992676788386833
3876.9384692346175,0.010978757540255745
3881.940970485243,0.014964838292124657
3886.943471735868,0.01895091904399357
3891.9459729864934,0.022936999795862483
3896.9484742371187,0.026923080547731394
3901.950975487744,0.030909161299600304
3906.9534767383693,0.03489524205146922
3911.9559779889946,0.03888132280333813
3916.95847923962,0.04286740355520704
3921.960980490245,0.03553694521539201
3926.9634817408705,0.015565671932738917
3931.965982991496,-0.004405601349914176
3936.9684842421216,-0.024376874632569087
3941.970985492747,-0.044348147915222166
3946.973486743372,-0.06431942119787526
3951.9759879939975,-0.08429069448052834
3956.978489244623,-0.10426196776318145
3961.980990495248,-0.12423324104583452
3966.9834917458734,-0.14420451432848763
3971.9859929964987,-0.13887142470845246
3976.988494247124,-0.0996007189601111
3981.9909954977493,-0.06033001321176974
3986.9934967483746,-0.02105930746342838
3991.995997999,0.018211398284912972
3996.998499249625,0.05748210403325435
4002.0010005002505,0.09675280978159573
4007.003501750876,0.13602351552993708
4012.006003001501,0.17529422127827843
4017.0085042521264,0.21456492702661978
4022.0110055027517,0.22984061795627914
4027.013506753377,0.20628227174517266
4032.0160080040023,0.1827239255340662
4037.0185092546276,0.15916557932295972
4042.021010505253,0.13560723311185324
4047.023511755878,0.11204888690074674
4052.0260130065035,0.08849054068964027
4057.028514257129,0.0649321944785338
4062.031015507754,0.04137384826742732
4067.0335167583794,0.017815502056320848
4072.0360180090047,-0.004765965877472213
4077.03851925963,-0.025422837802229946
4082.0410205102553,-0.046079709726987675
4087.0435217608806,-0.06673658165174541
4092.046023011506,-0.08739345357650315
4097.048524262132,-0.10805032550126274
4102.0510255127565,-0.1287071974260186
4107.053526763382,-0.1493640693507782
4112.056028014007,-0.17002094127553408
4117.058529264633,-0.19067781320029367
4122.061030515258,-0.1996690193324292
4127.063531765883,-0.18030058965837187
4132.066033016508,-0.16093215998431806
4137.068534267134,-0.14156373031026073
4142.071035517759,-0.12219530063620693
4147.073536768385,-0.10282687096214958
4152.0760380190095,-0.08345844128809578
4157.078539269635,-0.06409001161403843
4162.08104052026,-0.04472158193998463
4167.083541770886,-0.025353152265927298
4172.086043021511,-0.012161246374725512
4177.0885442721365,-0.017877066349398847
4182.091045522761,-0.023592886324071145
4187.093546773387,-0.02930870629874448
4192.096048024012,-0.035024526273416776
4197.098549274638,-0.040740346248090115
4202.1010505252625,-0.04645616622276241
4207.103551775888,-0.052171986197435745
4212.106053026514,-0.057887806172109084
4217.108554277139,-0.06360362614678139
4222.111055527765,-0.0700612662762894
4227.1135567783895,-0.07946764152126222
4232.116058029015,-0.08887401676623674
4237.11855927964,-0.09828039201120956
4242.121060530266,-0.10768676725618409
4247.123561780891,-0.1170931425011569
4252.126063031516,-0.12649951774613144
4257.128564282141,-0.13590589299110423
4262.131065532767,-0.14531226823607876
4267.133566783392,-0.15471864348105158
4272.136068034018,-0.15803367478243655
4277.1385692846425,-0.12833755180889403
4282.141070535268,-0.09864142883534613
4287.143571785893,-0.06894530586180361
4292.146073036519,-0.0392491828882557
4297.148574287144,-0.009553059914713197
4302.151075537769,0.020143063058834704
4307.153576788394,0.04983918603237722
4312.15607803902,0.07953530900592512
4317.158579289645,0.10923143197946766
4322.161080540271,0.13445465160031572
4327.1635817908955,0.12369133061079318
4332.166083041521,0.11292800962126867
4337.168584292146,0.1021646886317461
4342.171085542772,0.09140136764222159
4347.173586793397,0.08063804665269904
4352.176088044022,0.06987472566317453
4357.178589294647,0.05911140467365196
4362.181090545273,0.04834808368412745
4367.183591795898,0.037584762694604895
4372.186093046524,0.027086670585821253
4377.1885942971485,0.020383391693787594
4382.191095547774,0.013680112801752714
4387.193596798399,0.006976833909719055
4392.196098049025,0.0002735550176841753
4397.198599299651,-0.006429723874350701
4402.201100550275,-0.013133002766384363
4407.203601800901,-0.01983628165841924
4412.206103051526,-0.026539560550452902
4417.208604302152,-0.03324283944248778
4422.211105552777,-0.04007847586853953
4427.213606803402,-0.05336654207796556
4432.216108054027,-0.06665460828738917
4437.218609304653,-0.07994267449681522
4442.221110555278,-0.09323074070623882
4447.223611805904,-0.10651880691566487
4452.226113056528,-0.11980687312508849
4457.228614307154,-0.13309493933451452
4462.231115557779,-0.14638300554393813
4467.233616808405,-0.15967107175336417
4472.23611805903,-0.1729591379627878
4477.238619309655,-0.17915475291662586
4482.24112056028,-0.1851675727350093
4487.243621810906,-0.19118039255339384
4492.246123061531,-0.19719321237177725
4497.248624312157,-0.20320603219016178
4502.251125562781,-0.20921885200854523
4507.253626813407,-0.21523167182692976
4512.256128064032,-0.22124449164531318
4517.258629314658,-0.2272573114636977
4522.261130565283,-0.23327013128208113
4527.263631815908,-0.22325483975941257
4532.266133066533,-0.21202661008120524
4537.268634317159,-0.20079838040299586
4542.271135567784,-0.18957015072478856
4547.27363681841,-0.17834192104657917
4552.2761380690345,-0.16711369136837184
4557.27863931966,-0.15588546169016249
4562.281140570285,-0.14465723201195513
4567.283641820911,-0.13342900233374577
4572.286143071536,-0.12220077265553844
4577.288644322161,-0.1150125004235946
4582.291145572787,-0.10835217717610666
4587.293646823412,-0.10169185392861996
4592.296148074038,-0.09503153068113203
4597.298649324663,-0.08837120743364532
4602.301150575288,-0.08171088418615739
4607.303651825913,-0.07505056093867069
4612.306153076539,-0.06839023769118274
4617.308654327164,-0.061729914443696035
4622.31115557779,-0.055069591196208106
4627.313656828414,-0.038487435239020394
4632.31615807904,-0.020004089780571076
4637.318659329665,-0.0015207443221251157
4642.321160580291,0.01696260113632421
4647.323661830916,0.035445946594770156
4652.326163081541,0.05392929205321949
4657.328664332166,0.07241263751166543
4662.331165582792,0.09089598297011475
4667.333666833417,0.10937932842856071
4672.336168084043,0.12786267388701003
4677.338669334667,0.11973110123398953
4682.341170585293,0.10469312577989223
4687.343671835918,0.08965515032579768
4692.346173086544,0.0746171748717004
4697.348674337169,0.05957919941760585
4702.351175587794,0.04454122396350857
4707.353676838419,0.02950324850941402
4712.356178089045,0.014465273055316724
4717.35867933967,-0.0005727023987778246
4722.361180590296,-0.015610677852875121
4727.36368184092,-0.03452564055637337
4732.366183091546,-0.05474160569256113
4737.368684342171,-0.07495757082874523
4742.371185592797,-0.095173535964933
4747.373686843422,-0.11538950110111708
4752.376188094047,-0.13560546623730485
4757.378689344673,-0.1558214313734926
4762.381190595298,-0.1760373965096767
4767.383691845924,-0.1962533616458645
4772.386193096549,-0.21646932678204858
4777.388694347174,-0.19892579238709238
4782.391195597799,-0.1654693260468734
4787.393696848425,-0.1320128597066483
4792.39619809905,-0.09855639336642931
4797.398699349676,-0.06509992702620424
4802.4012006003,-0.03164346068598525
4807.403701850926,0.0018130056542398354
4812.406203101551,0.035269471994458845
4817.408704352177,0.06872593833468393
4822.411205602802,0.10218240467490292
4827.413706853427,0.11917581023644891
4832.416208104052,0.1276235048594466
4837.418709354678,0.13607119948244584
4842.421210605303,0.14451889410544352
4847.423711855929,0.15296658872844276
4852.426213106553,0.16141428335144042
4857.428714357179,0.16986197797443967
4862.431215607804,0.17830967259743735
4867.43371685843,0.18675736722043657
4872.436218109055,0.19520506184343428
4877.43871935968,0.18325538802559369
4882.441220610305,0.15843196527378786
4887.443721860931,0.1336085425219775
4892.446223111556,0.10878511977017166
4897.448724362182,0.08396169701836131
4902.451225612806,0.05913827426655546
4907.453726863432,0.034314851514745115
4912.456228114057,0.009491428762939264
4917.458729364683,-0.015331993988871084
4922.461230615308,-0.040155416740676936
4927.463731865933,-0.03391085144767669
4932.466233116558,-0.0040216226869495
4937.468734367184,0.02586760607378312
4942.47123561781,0.05575683483451574
4947.473736868435,0.08564606359524293
4952.47623811906,0.11553529235597557
4957.478739369685,0.14542452111670273
4962.481240620311,0.17531374987743537
4967.483741870936,0.20520297863816256
4972.4862431215615,0.2350922073988952
4977.488744372186,0.22553846418269533
4982.491245622812,0.17995508310295283
4987.493746873437,0.13437170202321866
4992.496248124063,0.08878832094347616
4997.498749374688,0.04320493986374199
5002.501250625313,-0.002378441216000504
5007.503751875938,-0.0479618222957347
5012.506253126564,-0.09354520337547717
5017.508754377189,-0.13912858445521137
5022.5112556278145,-0.18471196553495384
5027.513756878439,-0.20821419919084916
5032.516258129065,-0.207543387245907
5037.51875937969,-0.20687257530096495
5042.521260630316,-0.2062017633560228
5047.523761880941,-0.20553095141108074
5052.526263131566,-0.2048601394661386
5057.528764382191,-0.20418932752119653
5062.531265632817,-0.2035185155762544
5067.533766883442,-0.20284770363131235
5072.5362681340675,-0.20217689168637018
5077.538769384692,-0.19338156507268897
5082.541270635318,-0.17391100406868779
5087.543771885943,-0.15444044306469012
5092.546273136569,-0.13496988206068894
5097.548774387194,-0.11549932105669129
5102.551275637819,-0.09602876005269011
5107.553776888444,-0.07655819904869246
5112.55627813907,-0.057087638044691275
5117.558779389695,-0.037617077040693614
5122.561280640321,-0.01814651603669243
5127.563781890946,0.0029554275404812553
5132.566283141571,0.026642159090727743
5137.568784392197,0.050328890640978535
5142.571285642822,0.07401562219122503
5147.5737868934475,0.09770235374147582
5152.576288144072,0.12138908529172229
5157.578789394698,0.1450758168419731
5162.581290645323,0.16876254839221957
5167.583791895949,0.19244927994247038
5172.586293146574,0.21613601149271686
5177.588794397199,0.23166055643970374
5182.591295647824,0.23146088895981956
5187.59379689845,0.23126122147993533
5192.596298149075,0.23106155400005116
5197.5987993997005,0.23086188652016693
5202.601300650325,0.23066221904028275
5207.603801900951,0.23046255156039852
5212.606303151576,0.23026288408051435
5217.608804402202,0.23006321660063012
5222.611305652827,0.22986354912074594
5227.613806903452,0.22036739537736336
5232.616308154077,0.1888117827036529
5237.618809404703,0.1572561700299367
5242.621310655328,0.12570055735622626
5247.6238119059535,0.09414494468251003
5252.626313156578,0.06258933200879957
5257.628814407204,0.031033719335083393
5262.631315657829,-0.0005218933386270663
5267.633816908455,-0.03207750601234327
5272.63631815908,-0.06363311868605376
5277.638819409705,-0.09060642289263834
5282.64132066033,-0.10392444786716526
5287.643821910956,-0.1172424728416946
5292.646323161581,-0.13056049781622153
5297.6488244122065,-0.14387852279075086
5302.651325662831,-0.1571965477652778
5307.653826913457,-0.17051457273980714
5312.656328164083,-0.18383259771433647
5317.658829414708,-0.1971506226888634
5322.6613306653335,-0.21046864766339274
5327.663831915958,-0.2126359304608719
5332.666333166584,-0.17183206047853186
5337.668834417209,-0.13102819049619926
5342.671335667835,-0.09022432051385923
5347.6738369184595,-0.04942045053152663
5352.676338169085,-0.008616580549186598
5357.67883941971,0.03218728943314603
5362.681340670336,0.07299115941548606
5367.683841920961,0.11379502939781866
5372.6863431715865,0.1545988993801587
5377.688844422211,0.1874568582834491
5382.691345672837,0.17884709374300276
5387.693846923462,0.17023732920255796
5392.696348174088,0.16162756466211162
5397.6988494247125,0.15301780012166682
5402.701350675338,0.14440803558122048
5407.703851925963,0.1357982710407757
5412.706353176589,0.1271885065003293
5417.708854427214,0.11857874195988453
5422.7113556778395,0.10996897741943819
5427.713856928464,0.09986649490658478
5432.71635817909,0.07834147486572961
5437.718859429715,0.05681645482487834
5442.721360680341,0.03529143478402316
5447.7238619309655,0.01376641474317189
5452.726363181591,-0.0077586052976832826
5457.728864432216,-0.02928362533853454
5462.731365682842,-0.05080864537938973
5467.733866933467,-0.072333665420241
5472.7363681840925,-0.09385868546109619
5477.738869434717,-0.11377428197254703
5482.741370685343,-0.11242249613118094
5487.743871935968,-0.11107071028981508
5492.746373186594,-0.10971892444844898
5497.7488744372195,-0.10836713860708289
5502.751375687844,-0.10701535276571703
5507.75387693847,-0.10566356692435093
5512.756378189095,-0.10431178108298507
5517.758879439721,-0.10295999524161897
5522.7613806903455,-0.10160820940025311
5527.763881940971,-0.10041923073311737
5532.766383191596,-0.10554717042611043
5537.768884442222,-0.11067511011910444
5542.771385692847,-0.11580304981209749
5547.7738869434725,-0.1209309895050915
5552.776388194097,-0.12605892919808456
5557.778889444723,-0.13118686889107856
5562.781390695348,-0.13631480858407163
5567.783891945974,-0.14144274827706563
5572.7863931965985,-0.14657068797005868
5577.788894447224,-0.15169862766305267
5582.791395697849,-0.15469277811778692
5587.793896948475,-0.15764315853686545
5592.7963981991,-0.16059353895594344
5597.7988994497255,-0.163543919375022
5602.80140070035,-0.1664942997941
5607.803901950976,-0.16944468021317852
5612.806403201601,-0.1723950606322565
5617.808904452227,-0.17534544105133504
5622.8114057028515,-0.17829582147041304
5627.813906953477,-0.18124620188949156
5632.816408204102,-0.18382956696556554
5637.818909454728,-0.18638728043164512
5642.821410705353,-0.18894499389772423
5647.8239119559785,-0.19150270736380381
5652.826413206603,-0.19406042082988292
5657.828914457229,-0.1966181342959625
5662.831415707854,-0.1991758477620416
5667.83391695848,-0.2017335612281212
5672.836418209105,-0.20429127469420078
5677.83891945973,-0.20684898816027988
5682.841420710356,-0.178954489382198
5687.843921960981,-0.1472749698732107
5692.846423211607,-0.11559545036421766
5697.8489244622315,-0.08391593085523037
5702.851425712857,-0.05223641134623733
5707.853926963482,-0.02055689183725004
5712.856428214108,0.01112262767174299
5717.858929464733,0.04280214718073028
5722.861430715358,0.07448166668972334
5727.863931965983,0.10616118619871062
5732.866433216609,0.11728921468000637
5737.868934467234,0.12462500374547522
5742.87143571786,0.13196079281094542
5747.8739369684845,0.13929658187641428
5752.87643821911,0.14663237094188447
5757.878939469735,0.1539681600073533
5762.881440720361,0.1613039490728235
5767.883941970986,0.16863973813829236
5772.886443221611,0.17597552720376256
5777.888944472236,0.18331131626923142
5782.891445722862,0.1523294231920403
5787.893946973487,0.11170786165128953
5792.896448224113,0.07108630011053137
5797.8989494747375,0.030464738569780603
5802.901450725363,-0.010156822970977558
5807.903951975988,-0.05077838451172831
5812.906453226614,-0.09139994605248647
5817.908954477239,-0.13202150759323722
5822.911455727864,-0.1726430691339954
5827.913956978489,-0.21326463067474616
5832.916458229115,-0.19576685783321982
5837.91895947974,-0.15928343576015896
5842.921460730366,-0.12280001368709147
5847.9239619809905,-0.0863165916140306
5852.926463231616,-0.04983316954096309
5857.928964482242,-0.013349747467895606
5862.931465732867,0.023133674605165244
5867.933966983493,0.05961709667823273
5872.9364682341175,0.0961005187512936
5877.938969484743,0.1325839408243611
5882.941470735368,0.12936026996749111
5887.943971985994,0.10980318499760595
5892.946473236619,0.09024610002772435
5897.948974487244,0.07068901505783919
5902.951475737869,0.05113193008795758
5907.953976988495,0.0315748451180724
5912.95647823912,0.01201776014819081
5917.958979489746,-0.007539324821694365
5922.9614807403705,-0.02709640979157596
5927.963981990996,-0.046653494761461134
5932.966483241621,-0.061547346220968205
5937.968984492247,-0.07407425339869711
5942.971485742872,-0.08660116057642372
5947.973986993497,-0.09912806775415262
5952.976488244122,-0.11165497493187923
5957.978989494748,-0.12418188210960812
5962.981490745373,-0.13670878928733476
5967.983991995999,-0.14923569646506363
5972.9864932466235,-0.16176260364279027
5977.988994497249,-0.17428951082051913
5982.991495747874,-0.16235926826642003
5987.9939969985,-0.1353172909186669
5992.996498249125,-0.10827531357091871
5997.99899949975,-0.0812333362231656
6003.001500750375,-0.0541913588754174
6008.004002001001,-0.027149381527664274
6013.006503251626,-0.00010740417991608742
6018.009004502252,0.02693457316783704
6023.0115057528765,0.053976550515585225
6028.014007003502,0.08101852786333835
6033.016508254127,0.091392176784885
6038.019009504753,0.08933768609039995
6043.021510755379,0.0872831953959149
6048.024012006003,0.08522870470143022
6053.026513256629,0.08317421400694518
6058.029014507254,0.0811197233124605
6063.03151575788,0.07906523261797545
6068.034017008505,0.07701074192349078
6073.03651825913,0.07495625122900573
6078.039019509755,0.07290176053452105
6083.041520760381,0.07421543687539267
6088.044022011006,0.07854442465743844
6093.046523261632,0.08287341243948497
6098.049024512256,0.08720240022153072
6103.051525762882,0.09153138800357727
6108.054027013507,0.09586037578562304
6113.056528264133,0.10018936356766958
6118.059029514758,0.10451835134971532
6123.061530765383,0.10884733913176187
6128.064032016008,0.11317632691380763
6133.066533266634,0.1008148505338497
6138.069034517259,0.07054589698008487
6143.071535767885,0.04027694342631455
6148.074037018509,0.010007989872549722
6153.076538269135,-0.0202609636812206
6158.07903951976,-0.05052991723498543
6163.081540770386,-0.08079887078875575
6168.084042021011,-0.11106782434252058
6173.086543271636,-0.1413367778962909
6178.089044522261,-0.1716057314500557
6183.091545772887,-0.18638635986483523
6188.094047023512,-0.1812279949972376
6193.096548274138,-0.17606963012963903
6198.099049524762,-0.1709112652620414
6203.101550775388,-0.16575290039444282
6208.104052026013,-0.1605945355268452
6213.106553276639,-0.15543617065924661
6218.109054527264,-0.15027780579164898
6223.111555777889,-0.1451194409240504
6228.114057028515,-0.13996107605645183
6233.11655827914,-0.13148817659711728
6238.119059529766,-0.11787349911726583
6243.121560780391,-0.10425882163741686
6248.124062031016,-0.0906441441575654
6253.126563281641,-0.07702946667771643
6258.129064532267,-0.06341478919786497
6263.131565782892,-0.04980011171801599
6268.134067033518,-0.03618543423816453
6273.136568284142,-0.02257075675831556
6278.139069534768,-0.00895607927846409
6283.141570785393,-0.0035763295121106877
6288.144072036019,-0.01371166094510143
6293.146573286644,-0.02384699237809033
6298.149074537269,-0.03398232381108107
6303.151575787894,-0.04411765524406997
6308.15407703852,-0.054252986677060716
6313.156578289145,-0.06438831811004962
6318.159079539771,-0.07452364954304036
6323.161580790395,-0.08465898097602925
6328.164082041021,-0.09479431240902
6333.166583291646,-0.09722351104905949
6338.169084542272,-0.0818001687187697
6343.171585792897,-0.06637682638848272
6348.174087043522,-0.050953484058192944
6353.176588294147,-0.03553014172790596
6358.179089544773,-0.020106799397616185
6363.181590795398,-0.0046834570673292
6368.184092046024,0.010739885262960575
6373.186593296648,0.026163227593247546
6378.189094547274,0.04158656992353735
6383.191595797899,0.05491270104037495
6388.194097048525,0.06215280745936109
6393.19659829915,0.06939291387834591
6398.199099549775,0.07663302029733204
6403.201600800401,0.08387312671631819
6408.204102051026,0.091113233135303
6413.206603301652,0.09835333955428915
6418.209104552277,0.10559344597327397
6423.211605802902,0.11283355239226012
6428.214107053527,0.12007365881124495
6433.216608304153,0.12766346974638768
6438.219109554778,0.13656050946811352
6443.2216108054035,0.14545754918984097
6448.224112056028,0.1543545889115668
6453.226613306654,0.1632516286332943
6458.229114557279,0.1721486683550201
6463.231615807905,0.18104570807674758
6468.23411705853,0.18994274779847342
6473.236618309155,0.19883978752020087
6478.23911955978,0.2077368272419267
6483.241620810406,0.2142159441100883
6488.244122061031,0.2085321763209221
6493.246623311657,0.20284840853175493
6498.249124562281,0.19716464074258877
6503.251625812907,0.19148087295342156
6508.254127063532,0.1857971051642554
6513.256628314158,0.1801133373750882
6518.259129564783,0.17442956958592204
6523.261630815408,0.16874580179675483
6528.264132066033,0.16306203400758867
6533.266633316659,0.15540377417758083
6538.269134567284,0.1333481765497768
6543.27163581791,0.11129257892196873
6548.274137068534,0.08923698129416469
6553.27663831916,0.06718138366635663
6558.279139569785,0.04512578603855259
6563.281640820411,0.02307018841074454
6568.284142071036,0.0010145907829404999
6573.286643321661,-0.021041006844867566
6578.289144572286,-0.04309660447267161
6583.291645822912,-0.06391334313791856
6588.294147073538,-0.069533411862437
6593.296648324163,-0.07515348058695442
6598.299149574788,-0.08077354931147286
6603.301650825413,-0.08639361803599029
6608.304152076039,-0.09201368676050872
6613.306653326664,-0.09763375548502615
6618.3091545772895,-0.10325382420954457
6623.311655827914,-0.108873892934062
6628.31415707854,-0.11449396165858045
6633.316658329165,-0.11928966003186524
6638.319159579791,-0.09756811210720362
6643.321660830416,-0.07584656418254594
6648.324162081041,-0.05412501625788432
6653.326663331666,-0.032403468333226645
6658.329164582292,-0.010681920408565013
6663.331665832917,0.011039627516092665
6668.3341670835425,0.0327611754407543
6673.336668334167,0.05448272336541196
6678.339169584793,0.0762042712900736
6683.341670835418,0.09792581921473126
6688.344172086044,0.10155186832532233
6693.346673336669,0.10490094551528888
6698.349174587294,0.10825002270525604
6703.351675837919,0.11159909989522258
6708.354177088545,0.11494817708518976
6713.35667833917,0.1182972542751563
6718.3591795897955,0.12164633146512346
6723.36168084042,0.12499540865509001
6728.364182091046,0.12834448584505717
6733.366683341671,0.13169356303502372
6738.369184592297,0.14046902084633314
6743.371685842922,0.14959269559590932
6748.374187093547,0.15871637034548716
6753.376688344172,0.16784004509506334
6758.379189594798,0.17696371984464118
6763.381690845423,0.18608739459421736
6768.3841920960485,0.19521106934379517
6773.386693346674,0.20433474409337304
6778.389194597299,0.2134584188429492
6783.391695847925,0.22258209359252706
6788.39419709855,0.1823619620991682
6793.3966983491755,0.13632037031871488
6798.3991995998,0.09027877853826993
6803.401700850426,0.04423718675781663
6808.404202101051,-0.0018044050226283248
6813.406703351677,-0.0478459968030816
6818.4092046023015,-0.09388758858352658
6823.411705852927,-0.1399291803639799
6828.414207103552,-0.1859707721444248
6833.416708354178,-0.23201236392487812
6838.419209604803,-0.2016855981831272
6843.4217108554285,-0.15780231927176305
6848.424212106053,-0.11391904036040687
6853.426713356679,-0.0700357614490427
6858.429214607304,-0.02615248253768651
6863.43171585793,0.017730796373677638
6868.434217108555,0.06161407528503382
6873.43671835918,0.105497354196398
6878.439219609805,0.14938063310775418
6883.441720860431,0.19326391201911836
6888.444222111056,0.1783669256890291
6893.4467233616815,0.14914224970633935
6898.449224612306,0.11991757372365491
6903.451725862932,0.09069289774096517
6908.454227113557,0.06146822175828073
6913.456728364183,0.03224354577559099
6918.459229614808,0.0030188697929065533
6923.461730865433,-0.026205806189783187
6928.464232116058,-0.0554304821724676
6933.466733366684,-0.08465515815515734
6938.469234617309,-0.09862114682404576
6943.4717358679345,-0.10773669184351756
6948.474237118559,-0.11685223686298771
6953.476738369185,-0.12596778188245952
6958.479239619811,-0.1350833269019313
6963.481740870436,-0.14419887192140146
6968.4842421210615,-0.15331441694087328
6973.486743371686,-0.16242996196034343
6978.489244622312,-0.17154550697981524
6983.491745872937,-0.18066105199928537
6988.494247123563,-0.16314495306930396
6993.4967483741875,-0.13493868720187105
6998.499249624813,-0.106732421334433
7003.501750875438,-0.07852615546700008
7008.504252126064,-0.050319889599562045
7013.506753376689,-0.022113623732129134
7018.5092546273145,0.006092642135308912
7023.511755877939,0.034298908002741824
7028.514257128565,0.06250517387017987
7033.51675837919,0.09071143973761281
7038.519259629816,0.10640561187282264
7043.5217608804405,0.11589077508827678
7048.524262131066,0.12537593830373264
7053.526763381691,0.1348611015191868
7058.529264632317,0.14434626473464263
7063.531765882942,0.15383142795009677
7068.5342671335675,0.16331659116555264
7073.536768384192,0.17280175438100676
7078.539269634818,0.18228691759646262
7083.541770885443,0.19177208081191677
7088.544272136069,0.1875954440458365
7093.5467733866935,0.17515562180705752
7098.549274637319,0.16271579956827625
7103.551775887944,0.15027597732949727
7108.55427713857,0.13783615509071603
7113.556778389195,0.12539633285193705
7118.5592796398205,0.1129565106131558
7123.561780890445,0.10051668837437681
7128.564282141071,0.08807686613559557
7133.566783391696,0.07563704389681658
7138.569284642322,0.06701245830956366
7143.571785892947,0.0611746542764705
7148.574287143572,0.055336850243378394
7153.576788394198,0.049499046210285225
7158.579289644823,0.04366124217719312
7163.581790895449,0.03782343814409995
7168.5842921460735,0.03198563411100784
7173.586793396699,0.02614783007791468
7178.589294647324,0.02031002604482257
7183.59179589795,0.014472222011729402
7188.594297148575,0.007812935010758705
7193.5967983992,0.0004329129530631342
7198.599299649825,-0.006947109104631092
7203.601800900451,-0.014327131162326662
7208.604302151076,-0.02170715322002089
7213.606803401702,-0.02908717527771646
7218.6093046523265,-0.03646719733541069
7223.611805902952,-0.043847219393106256
7228.614307153577,-0.05122724145080049
7233.616808404203,-0.05860726350849606
7238.619309654828,-0.0680564265699584
7243.6218109054535,-0.07968138738796272
7248.624312156078,-0.09130634820596492
7253.626813406704,-0.10293130902396923
7258.629314657329,-0.11455626984197143
7263.631815907955,-0.12618123065997572
7268.6343171585795,-0.13780619147797793
7273.636818409205,-0.14943115229598225
7278.63931965983,-0.16105611311398443
7283.641820910456,-0.17268107393198875
7288.644322161081,-0.1686173779984076
7293.6468234117065,-0.14476458093497718
7298.649324662331,-0.12091178387155115
7303.651825912957,-0.09705898680812076
7308.654327163582,-0.07320618974469471
7313.656828414208,-0.049353392681264346
7318.659329664833,-0.025500595617833965
7323.661830915458,-0.0016477985544079143
7328.664332166084,0.022204998509022467
7333.666833416709,0.04605779557244852
7338.669334667335,0.056802977733225256
7343.6718359179595,0.047637858776060554
7348.674337168585,0.038472739818894194
7353.67683841921,0.029307620861729496
7358.679339669836,0.020142501904563133
7363.681840920461,0.010977382947398438
7368.684342171086,0.0018122639902320714
7373.686843421711,-0.007352854966932623
7378.689344672337,-0.016517973924098997
7383.691845922962,-0.02568309288126369
7388.694347173588,-0.027753550817223523
7393.6968484242125,-0.01674956201410957
7398.699349674838,-0.005745573210993619
7403.701850925463,0.005258415592120334
7408.704352176089,0.01626240439523629
7413.706853426714,0.02726639319835024
7418.709354677339,0.038270382001466194
7423.711855927964,0.04927437080458015
7428.71435717859,0.060278359607696105
7433.716858429215,0.07128234841081005
7438.719359679841,0.07226225482414349
7443.7218609304655,0.05056472894584457
7448.724362181091,0.02886720306754171
7453.726863431716,0.007169677189242787
7458.729364682342,-0.014527848689060083
7463.731865932967,-0.036225374567359
7468.734367183592,-0.05792290044566187
7473.736868434217,-0.07962042632396077
7478.739369684843,-0.10131795220226364
7483.741870935468,-0.12301547808056257
7488.744372186094,-0.1308101136190724
7493.7468734367185,-0.09930234762008985
7498.749374687344,-0.06779458162110158
7503.75187593797,-0.03628681562211329
7508.754377188595,-0.004779049623130721
7513.756878439221,0.026728716375857553
7518.759379689845,0.05823648237484011
7523.761880940471,0.08974424837382841
7528.764382191096,0.12125201437281097
7533.766883441722,0.15275978037179927
7538.769384692347,0.17634786719014373
7543.771885942972,0.17120409465546638
7548.774387193597,0.16606032212078997
7553.776888444223,0.16091654958611262
7558.779389694848,0.15577277705143622
7563.781890945474,0.1506290045167589
7568.784392196098,0.14548523198208246
7573.786893446724,0.14034145944740514
7578.789394697349,0.1351976869127287
7583.791895947975,0.1300539143780514
7588.7943971986,0.11941306744778725
7593.796898449225,0.08209524183305908
7598.79939969985,0.04477741621833767
7603.801900950476,0.007459590603609498
7608.804402201101,-0.0298582350111119
7613.806903451727,-0.06717606062584008
7618.8094047023515,-0.1044938862405615
7623.811905952977,-0.14181171185528968
7628.814407203602,-0.1791295374700111
7633.816908454228,-0.21644736308473922
7638.819409704853,-0.24340406588122668
7643.821910955478,-0.1982473538627981
7648.824412206103,-0.15309064184437773
7653.826913456729,-0.10793392982594915
7658.829414707354,-0.06277721780752882
7663.83191595798,-0.017620505789100238
7668.8344172086045,0.027536206229320126
7673.83691845923,0.0726929182477487
7678.839419709855,0.11784963026616907
7683.841920960481,0.16300634228459765
7688.844422211107,0.20390956265082405
7693.846923461731,0.19616347224505773
7698.849424712357,0.18841738183929
7703.851925962982,0.18067129143352367
7708.854427213608,0.17292520102775594
7713.856928464233,0.16517911062198962
7718.859429714858,0.15743302021622188
7723.861930965483,0.14968692981045556
7728.864432216109,0.14194083940468782
7733.866933466734,0.13419474899892148
7738.86943471736,0.12673963605478575
7743.871935967984,0.12726561920111684
7748.87443721861,0.12779160234744805
7753.876938469235,0.12831758549377917
7758.879439719861,0.12884356864011037
7763.881940970486,0.12936955178644147
7768.884442221111,0.12989553493277267
7773.886943471736,0.1304215180791038
7778.889444722362,0.130947501225435
7783.891945972987,0.1314734843717661
7788.894447223613,0.1319994675180973
7793.896948474237,0.12650171109590957
7798.899449724863,0.12094279995728907
7803.901950975488,0.1153838888186696
7808.904452226114,0.1098249776800491
7813.906953476739,0.10426606654142961
7818.909454727364,0.09870715540280912
7823.911955977989,0.09314824426418963
7828.914457228615,0.08758933312556916
7833.91695847924,0.08203042198694967
7838.919459729866,0.07647151084832918
7843.92196098049,0.046265155538992894
7848.924462231116,0.014616662538813843
7853.926963481741,-0.01703183046135945
7858.929464732367,-0.0486803234615385
7863.931965982992,-0.08032881646171178
7868.934467233617,-0.11197730946189083
7873.936968484243,-0.14362580246206988
7878.939469734868,-0.17527429546224316
7883.941970985494,-0.20692278846242224
7888.944472236119,-0.23857128146259549
7893.946973486744,-0.2266159343132795
7898.949474737369,-0.2097886497170985
7903.951975987995,-0.19296136512091444
7908.95447723862,-0.17613408052473345
7913.956978489246,-0.1593067959285494
7918.95947973987,-0.1424795113323684
7923.961980990496,-0.12565222673618437
7928.964482241121,-0.10882494214000338
7933.966983491747,-0.09199765754381933
7938.969484742372,-0.07517037294763834
7943.971985992997,-0.08417927213478842
7948.974487243622,-0.09759552032026966
7953.976988494248,-0.11101176850575335
7958.979489744873,-0.1244280166912346
7963.981990995499,-0.1378442648767183
7968.984492246123,-0.15126051306219954
7973.986993496749,-0.1646767612476832
7978.989494747374,-0.17809300943316447
7983.991995998,-0.19150925761864818
7988.994497248625,-0.2049255058041294
7993.99699849925,-0.19299783815488633
7998.999499749875,-0.1750883767061434
8004.002001000501,-0.15717891525739724
8009.004502251126,-0.13926945380865433
8014.007003501752,-0.12135999235990814
8019.009504752376,-0.10345053091116523
8024.012006003002,-0.08554106946241904
8029.014507253627,-0.06763160801367613
8034.017008504253,-0.04972214656492996
8039.019509754878,-0.03181268511618704
8044.022011005503,-0.02901885794518313
8049.024512256128,-0.030898944004799624
8054.027013506754,-0.03277903006441646
8059.02951475738,-0.0346591161240333
8064.032016008005,-0.0365392021836498
8069.03451725863,-0.03841928824326663
8074.037018509255,-0.040299374302883134
8079.039519759881,-0.04217946036249997
8084.042021010506,-0.044059546422116465
8089.0445222611315,-0.0459396324817333
8094.047023511756,-0.030574924909532522
8099.049524762382,-0.008457011439557668
8104.052026013007,0.013660902030413168
8109.054527263633,0.03577881550038803
8114.057028514258,0.05789672897035886
8119.059529764883,0.08001464244033371
8124.062031015508,0.10213255591030454
8129.064532266134,0.12425046938027942
8134.067033516759,0.14636838285025025
8139.0695347673845,0.1684862963202251
8144.072036018009,0.1531352471268835
8149.074537268635,0.11960895485059155
8154.07703851926,0.08608266257430568
8159.079539769886,0.052556370298013716
8164.082041020511,0.019030078021727848
8169.084542271136,-0.014496214254564127
8174.087043521761,-0.048022506530849995
8179.089544772387,-0.08154879880714194
8184.092046023012,-0.11507509108342784
8189.0945472736375,-0.14860138335971979
8194.097048524263,-0.14156724567374296
8199.099549774888,-0.11052133345011608
8204.102051025513,-0.07947542122648919
8209.104552276138,-0.04842950900286229
8214.107053526765,-0.017383596779224103
8219.10955477739,0.013662315444402773
8224.112056028014,0.044708227668029676
8229.114557278639,0.07575413989165658
8234.117058529266,0.10680005211529475
8239.11955977989,0.13784596433892166
8244.122061030515,0.15595496150748026
8249.124562281142,0.16480737290388575
8254.127063531767,0.17365978430028803
8259.129564782392,0.1825121956966903
8264.132066033017,0.19136460709309255
8269.134567283643,0.20021701848949805
8274.137068534268,0.20906942988590033
8279.139569784893,0.21792184128230258
8284.142071035518,0.22677425267870485
8289.144572286144,0.23562666407511035
8294.14707353677,0.23081756513036158
8299.149574787394,0.21426212084556032
8304.152076038019,0.19770667656075905
8309.154577288646,0.18115123227595176
8314.15707853927,0.1645957879911505
8319.159579789895,0.14804034370634922
8324.16208104052,0.13148489942154795
8329.164582291147,0.11492945513674067
8334.167083541772,0.09837401085193942
8339.169584792397,0.08181856656713815
8344.172086043021,0.0726243538853535
8349.174587293648,0.07101671663116738
8354.177088544273,0.06940907937698183
8359.179589794898,0.0678014421227963
8364.182091045523,0.06619380486861076
8369.18459229615,0.06458616761442464
8374.187093546774,0.06297853036023911
8379.189594797399,0.061370893106053565
8384.192096048024,0.05976325585186803
8389.19459729865,0.0581556185976819
8394.197098549275,0.05784243314539122
8399.1995997999,0.05912913194263399
8404.202101050525,0.06041583073987676
8409.204602301152,0.06170252953712
8414.207103551777,0.06298922833436277
8419.209604802401,0.06427592713160554
8424.212106053028,0.06556262592884879
8429.214607303653,0.06684932472609155
8434.217108554278,0.06813602352333432
8439.219609804903,0.0694227223205771
8444.22211105553,0.06139371138363514
8449.224612306154,0.039507582217104986
8454.227113556779,0.01762145305057483
8459.229614807404,-0.004264676115955324
8464.23211605803,-0.02615080528249343
8469.234617308655,-0.048036934449023586
8474.23711855928,-0.06992306361555375
8479.239619809905,-0.09180919278208391
8484.242121060532,-0.11369532194862203
8489.244622311156,-0.13558145111515219
8494.247123561781,-0.14490840117331028
8499.249624812406,-0.13159345086709462
8504.252126063033,-0.1182785005608741
8509.254627313658,-0.10496355025465845
8514.257128564283,-0.0916485999484428
8519.259629814907,-0.07833364964222712
8524.262131065534,-0.06501869933600662
8529.264632316159,-0.05170374902979097
8534.267133566784,-0.03838879872357531
8539.269634817409,-0.025073848417359643
8544.272136068035,-0.02220738289605544
8549.27463731866,-0.04242869827044858
8554.277138569285,-0.06265001364484171
8559.27963981991,-0.08287132901923486
8564.282141070536,-0.10309264439363534
8569.284642321161,-0.12331395976802847
8574.287143571786,-0.14353527514242162
8579.289644822411,-0.16375659051681477
8584.292146073038,-0.18397790589121524
8589.294647323663,-0.20419922126560838
8594.297148574287,-0.21885233647247307
8599.299649824914,-0.2181666361235063
8604.302151075539,-0.21748093577453978
8609.304652326164,-0.21679523542557325
8614.307153576789,-0.21610953507660674
8619.309654827415,-0.21542383472763996
8624.31215607804,-0.21473813437867342
8629.314657328665,-0.21405243402970692
8634.31715857929,-0.21336673368074038
8639.319659829916,-0.2126810333317736
8644.322161080541,-0.20313144364309893
8649.324662331166,-0.16235678923499014
8654.327163581791,-0.12158213482688135
8659.329664832418,-0.08080748041875774
8664.332166083042,-0.04003282601064895
8669.334667333667,0.000741828397459815
8674.337168584292,0.04151648280556863
8679.339669834919,0.08229113721369224
8684.342171085544,0.12306579162180098
8689.344672336169,0.16384044602990977
8694.347173586793,0.1967211516928492
8699.34967483742,0.19261306894982325
8704.352176088045,0.18850498620679876
8709.35467733867,0.1843969034637743
8714.357178589295,0.1802888207207498
8719.359679839921,0.17618073797772385
8724.362181090546,0.1720726552346994
8729.364682341171,0.1679645724916749
8734.367183591796,0.1638564897486504
8739.369684842422,0.15974840700562445
8744.372186093047,0.15306390521853344
8749.374687343672,0.12923630748441287
8754.377188594297,0.10540870975029229
8759.379689844924,0.08158111201616304
8764.382191095548,0.057753514282042465
8769.384692346173,0.03392591654792189
8774.387193596798,0.0100983188138013
8779.389694847425,-0.013729278920327936
8784.39219609805,-0.03755687665444851
8789.394697348675,-0.06138447438856909
8794.397198599301,-0.08296643916255718
8799.399699849926,-0.08050692165741692
8804.40220110055,-0.07804740415227665
8809.404702351176,-0.07558788664713639
8814.407203601802,-0.07312836914199523
8819.409704852427,-0.07066885163685496
8824.412206103052,-0.0682093341317147
8829.414707353677,-0.06574981662657445
8834.417208604304,-0.06329029912143329
8839.419709854928,-0.060830781616293024
8844.422211105553,-0.0572483021067353
8849.424712356178,-0.02685510474175136
8854.427213606805,0.003538092623243637
8859.42971485743,0.033931289988227586
8864.432216108054,0.06432448735321153
8869.43471735868,0.09471768471819547
8874.437218609306,0.12511088208319046
8879.43971985993,0.1555040794481744
8884.442221110556,0.18589727681315835
8889.44472236118,0.2162904741781423
8894.447223611807,0.2466836715431373
8899.449724862432,0.20707783511002728
8904.452226113057,0.16711846820318899
8909.454727363682,0.12715910129635072
8914.457228614308,0.08719973438949791
8919.459729864933,0.04724036748265964
8924.462231115558,0.007281000575821345
8929.464732366183,-0.03267836633101695
8934.46723361681,-0.07263773323786976
8939.469734867434,-0.11259710014470803
8944.47223611806,-0.1525564670515463
8949.474737368684,-0.1378902751178852
8954.47723861931,-0.12033384197572126
8959.479739869936,-0.1027774088335637
8964.48224112056,-0.08522097569140612
8969.484742371187,-0.06766454254924216
8974.487243621812,-0.0501081094070846
8979.489744872437,-0.032551676264927026
8984.492246123062,-0.014995243122769453
8989.494747373688,0.0025611900193945047
8994.497248624313,0.02011762316155208
8999.499749874938,0.0004994732629464739
9004.502251125563,-0.023042660401062814
9009.50475237619,-0.04658479406508066
9014.507253626814,-0.07012692772908995
9019.50975487744,-0.09366906139309923
9024.512256128064,-0.11721119505710853
9029.51475737869,-0.14075332872112636
9034.517258629316,-0.16429546238513565
9039.51975987994,-0.18783759604914493
9044.522261130565,-0.21137972971315425
9049.524762381192,-0.2047053349704277
9054.527263631817,-0.19308320458215034
9059.529764882442,-0.181461074193873
9064.532266133067,-0.16983894380559564
9069.534767383693,-0.15821681341731406
9074.537268634318,-0.14659468302903672
9079.539769884943,-0.13497255264075936
9084.542271135568,-0.123350422252482
9089.544772386194,-0.11172829186420041
9094.54727363682,-0.10010616147592305
9099.549774887444,-0.10814013863057406
9104.552276138069,-0.1206634736808294
9109.554777388696,-0.1331868087310893
9114.55727863932,-0.14571014378134464
9119.559779889945,-0.1582334788316
9124.56228114057,-0.17075681388185532
9129.564782391197,-0.18328014893211522
9134.567283641822,-0.19580348398237057
9139.569784892446,-0.2083268190326259
9144.572286143071,-0.22085015408288125
9149.574787393698,-0.21674662717871188
9154.577288644323,-0.20764417445817435
9159.579789894948,-0.19854172173763684
9164.582291145574,-0.189439269017096
9169.5847923962,-0.18033681629655848
9174.587293646824,-0.17123436357602095
9179.589794897449,-0.16213191085548345
9184.592296148076,-0.15302945813494262
9189.5947973987,-0.1439270054144051
9194.597298649325,-0.13482455269386756
9199.59979989995,-0.11159083579407507
9204.602301150577,-0.08295976104802791
9209.604802401202,-0.054328686301991155
9214.607303651826,-0.025697611555954403
9219.609804902451,0.0029334631900823638
9224.612306153078,0.03156453793612951
9229.614807403703,0.06019561268216628
9234.617308654328,0.08882668742820302
9239.619809904952,0.11745776217423978
9244.62231115558,0.14608883692028696
9249.624812406204,0.13588320342447735
9254.627313656829,0.10726609342885132
9259.629814907454,0.07864898343322534
9264.63231615808,0.05003187343758893
9269.634817408705,0.021414763441962914
9274.63731865933,-0.007202346553663086
9279.639819909955,-0.035819456549289086
9284.642321160582,-0.0644365665449255
9289.644822411206,-0.0930536765405515
9294.647323661831,-0.12167078653617752
9299.649824912456,-0.11606875103864422
9304.652326163083,-0.09064133759663773
9309.654827413708,-0.06521392415464049
9314.657328664332,-0.03978651071264325
9319.659829914957,-0.014359097270646007
9324.662331165584,0.011068316171360476
9329.664832416209,0.03649572961335773
9334.667333666834,0.06192314305535496
9339.66983491746,0.08735055649736145
9344.672336168085,0.11277796993935868
9349.67483741871,0.10866146497255283
9354.677338669335,0.08383896590728049
9359.679839919962,0.05901646684199914
9364.682341170586,0.0341939677767268
9369.684842421211,0.009371468711454459
9374.687343671836,-0.015451030353817868
9379.689844922463,-0.04027352941909923
9384.692346173088,-0.06509602848437157
9389.694847423712,-0.08991852754964391
9394.697348674337,-0.11474102661491623
9399.699849924964,-0.11266481903790279
9404.702351175589,-0.08792396049376719
9409.704852426214,-0.06318310194963157
9414.707353676838,-0.03844224340549596
9419.709854927465,-0.013701384861351348
9424.71235617809,0.011039473682784268
9429.714857428715,0.03578033222691987
9434.71735867934,0.06052119077105547
9439.719859929966,0.0852620493152001
9444.722361180591,0.1100029078593357
9449.724862431216,0.11328597239745603
9454.72736368184,0.09489449753556062
9459.729864932468,0.07650302267365851
9464.732366183092,0.05811154781176309
9469.734867433717,0.039720072949867666
9474.737368684342,0.02132859808797226
9479.739869934969,0.0029371232260701485
9484.742371185594,-0.015454351635825259
9489.744872436218,-0.033845826497720694
9494.747373686843,-0.0522373013596161
9499.74987493747,-0.0663325711531749
9504.752376188095,-0.07522465925285071
9509.75487743872,-0.08411674735252653
9514.757378689346,-0.09300883545220556
9519.759879939971,-0.10190092355188138
9524.762381190596,-0.1107930116515572
9529.76488244122,-0.11968509975123301
9534.767383691847,-0.12857718785091204
9539.769884942472,-0.13746927595058786
9544.772386193097,-0.14636136405026368
9549.774887443722,-0.141201392713684
9554.777388694349,-0.11557051997611878
9559.779889944974,-0.08993964723856288
9564.782391195598,-0.06430877450100699
9569.784892446223,-0.03867790176345108
9574.78739369685,-0.013047029025885837
9579.789894947475,0.012583843711670067
9584.7923961981,0.03821471644922597
9589.794897448724,0.06384558918678188
9594.797398699351,0.08947646192434708
9599.799899949976,0.09786525398450144
9604.8024012006,0.07584093151648282
9609.804902451226,0.0538166090484642
9614.807403701852,0.03179228658043756
9619.809904952477,0.00976796411241894
9624.812406203102,-0.01225635835559967
9629.814907453727,-0.03428068082361829
9634.817408704354,-0.05630500329164492
9639.819909954978,-0.07832932575966356
9644.822411205603,-0.10035364822768217
9649.824912456228,-0.11396529724655845
9654.827413706855,-0.10941625437522924
9659.82991495748,-0.10486721150390169
9664.832416208104,-0.10031816863257413
9669.83491745873,-0.09576912576124658
9674.837418709356,-0.09122008288991736
9679.83991995998,-0.0866710400185898
9684.842421210606,-0.08212199714726223
9689.84492246123,-0.07757295427593469
9694.847423711857,-0.07302391140460547
9699.849924962482,-0.06386181817345932
9704.852426213107,-0.042312830457617016
9709.854927463733,-0.02076384274176688
9714.857428714358,0.0007851449740754191
9719.859929964983,0.022334132689917713
9724.862431215608,0.04388312040576001
9729.864932466235,0.06543210812161016
9734.86743371686,0.08698109583745245
9739.869934967484,0.10853008355329474
9744.87243621811,0.13007907126913704
9749.874937468736,0.14469928406429028
9754.87743871936,0.1356076893530953
9759.879939969986,0.12651609464190036
9764.88244122061,0.11742449993070542
9769.884942471237,0.10833290521950714
9774.887443721862,0.0992413105083122
9779.889944972487,0.09014971579711724
9784.892446223112,0.08105812108592228
9789.894947473738,0.07196652637472403
9794.897448724363,0.06287493166352907
9799.899949974988,0.05171006187846297
9804.902451225613,0.031157863286696133
9809.90495247624,0.010605664694921822
9814.907453726864,-0.009946533896845022
9819.90995497749,-0.03049873248861186
9824.912456228114,-0.0510509310803787
9829.91495747874,-0.07160312967215302
9834.917458729366,-0.09215532826391984
9839.91995997999,-0.11270752685568669
9844.922461230615,-0.13325972544745351
9849.924962481242,-0.14980775493499798
9854.927463731867,-0.14084774420303967
9859.929964982492,-0.13188773347108132
9864.932466233116,-0.12292772273912297
9869.934967483743,-0.11396771200716138
9874.937468734368,-0.10500770127520304
9879.939969984993,-0.09604769054324469
9884.94247123562,-0.0870876798112831
9889.944972486244,-0.07812766907932475
9894.94747373687,-0.06916765834736642
9899.949974987494,-0.06265469862484575
9904.95247623812,-0.08074819627497112
9909.954977488745,-0.09884169392508992
9914.95747873937,-0.11693519157520871
9919.959979989995,-0.13502868922532751
9924.962481240622,-0.15312218687545287
9929.964982491247,-0.17121568452557168
9934.967483741872,-0.18930918217569045
9939.969984992496,-0.20740267982580926
9944.972486243123,-0.22549617747593462
9949.974987493748,-0.24107269587074834
9954.977488744373,-0.20351298554253552
9959.979989994998,-0.16595327521432274
9964.982491245624,-0.12839356488609627
9969.98499249625,-0.09083385455788345
9974.987493746874,-0.05327414422967067
9979.989994997499,-0.015714433901457853
9984.992496248125,0.02184527642676859
9989.99499749875,0.059404986754981404
9994.997498749375,0.09696469708319422
10000.0,0.13452440741140703
